{"cameraMode":{"drawMode":0,"name":"Shaded","section":"Shading Mode"},"sceneLighting":true,"audioPlay":false,"sceneViewState":{"showFog":true,"showMaterialUpdate":false,"showSkybox":true,"showFlares":true,"showImageEffects":true,"showParticleSystems":true},"in2DMode":false,"pivot":{"x":22.213119506835939,"y":5.164869785308838,"z":-1.139739990234375},"rotation":{"x":-0.09438438713550568,"y":-0.07697831094264984,"z":0.007320240139961243,"w":-0.9925283193588257},"size":54.88417053222656,"orthographic":false}